{
  "project_info": {
    "project_number": "959933298695",
    "project_id": "moula-39974",
    "storage_bucket": "moula-39974.appspot.com"
  },
  "client": [
    {
      "client_info": {
        "mobilesdk_app_id": "1:959933298695:android:b095d1beb959edaf4052a2",
        "android_client_info": {
          "package_name": "com.mycompany.moula"
        }
      },
      "oauth_client": [
        {
          "client_id": "959933298695-al6a514gikq74cnumvte9tfn5qfdjdj7.apps.googleusercontent.com",
          "client_type": 1,
          "android_info": {
            "package_name": "com.mycompany.moula",
            "certificate_hash": "9bbb3186b2189ef16d8f272bdab59362c395cbb4"
          }
        },
        {
          "client_id": "959933298695-hmo40dt3e7sntstclhefic4m8hu6ni45.apps.googleusercontent.com",
          "client_type": 1,
          "android_info": {
            "package_name": "com.mycompany.moula",
            "certificate_hash": "c8fd5d1ab6b8e6b51b73c8a5c31fbb27edadbefe"
          }
        },
        {
          "client_id": "959933298695-54g0u6r5shb2u55jk38lonogu57g6428.apps.googleusercontent.com",
          "client_type": 3
        }
      ],
      "api_key": [
        {
          "current_key": "AIzaSyAOTSoOUKKcODTDyQ30ZcJpN6LAUn44I0A"
        }
      ],
      "services": {
        "appinvite_service": {
          "other_platform_oauth_client": [
            {
              "client_id": "959933298695-54g0u6r5shb2u55jk38lonogu57g6428.apps.googleusercontent.com",
              "client_type": 3
            },
            {
              "client_id": "959933298695-eae1fj2v0v3p928eoq6s1fj649r27mms.apps.googleusercontent.com",
              "client_type": 2,
              "ios_info": {
                "bundle_id": "dasd"
              }
            }
          ]
        }
      }
    }
  ],
  "configuration_version": "1"
}